<?xml version="1.0" encoding="UTF-8"?>
<root>
  <item name="com.google.android.flexbox.AlignContent">
    <annotation name="android.support.annotation.IntDef">
      <val name="value" val="{com.google.android.flexbox.AlignContent.FLEX_START, com.google.android.flexbox.AlignContent.FLEX_END, com.google.android.flexbox.AlignContent.CENTER, com.google.android.flexbox.AlignContent.SPACE_BETWEEN, com.google.android.flexbox.AlignContent.SPACE_AROUND, com.google.android.flexbox.AlignContent.STRETCH}" />
    </annotation>
  </item>
  <item name="com.google.android.flexbox.AlignItems">
    <annotation name="android.support.annotation.IntDef">
      <val name="value" val="{com.google.android.flexbox.AlignItems.FLEX_START, com.google.android.flexbox.AlignItems.FLEX_END, com.google.android.flexbox.AlignItems.CENTER, com.google.android.flexbox.AlignItems.BASELINE, com.google.android.flexbox.AlignItems.STRETCH}" />
    </annotation>
  </item>
  <item name="com.google.android.flexbox.AlignSelf">
    <annotation name="android.support.annotation.IntDef">
      <val name="value" val="{com.google.android.flexbox.AlignItems.FLEX_START, com.google.android.flexbox.AlignItems.FLEX_END, com.google.android.flexbox.AlignItems.CENTER, com.google.android.flexbox.AlignItems.BASELINE, com.google.android.flexbox.AlignItems.STRETCH, com.google.android.flexbox.AlignSelf.AUTO}" />
    </annotation>
  </item>
  <item name="com.google.android.flexbox.FlexContainer int getAlignContent()">
    <annotation name="android.support.annotation.IntDef">
      <val name="value" val="{com.google.android.flexbox.AlignContent.FLEX_START, com.google.android.flexbox.AlignContent.FLEX_END, com.google.android.flexbox.AlignContent.CENTER, com.google.android.flexbox.AlignContent.SPACE_BETWEEN, com.google.android.flexbox.AlignContent.SPACE_AROUND, com.google.android.flexbox.AlignContent.STRETCH}" />
    </annotation>
  </item>
  <item name="com.google.android.flexbox.FlexContainer int getAlignItems()">
    <annotation name="android.support.annotation.IntDef">
      <val name="value" val="{com.google.android.flexbox.AlignItems.FLEX_START, com.google.android.flexbox.AlignItems.FLEX_END, com.google.android.flexbox.AlignItems.CENTER, com.google.android.flexbox.AlignItems.BASELINE, com.google.android.flexbox.AlignItems.STRETCH}" />
    </annotation>
  </item>
  <item name="com.google.android.flexbox.FlexContainer int getFlexDirection()">
    <annotation name="android.support.annotation.IntDef">
      <val name="value" val="{com.google.android.flexbox.FlexDirection.ROW, com.google.android.flexbox.FlexDirection.ROW_REVERSE, com.google.android.flexbox.FlexDirection.COLUMN, com.google.android.flexbox.FlexDirection.COLUMN_REVERSE}" />
    </annotation>
  </item>
  <item name="com.google.android.flexbox.FlexContainer int getFlexWrap()">
    <annotation name="android.support.annotation.IntDef">
      <val name="value" val="{com.google.android.flexbox.FlexWrap.NOWRAP, com.google.android.flexbox.FlexWrap.WRAP, com.google.android.flexbox.FlexWrap.WRAP_REVERSE}" />
    </annotation>
  </item>
  <item name="com.google.android.flexbox.FlexContainer int getJustifyContent()">
    <annotation name="android.support.annotation.IntDef">
      <val name="value" val="{com.google.android.flexbox.JustifyContent.FLEX_START, com.google.android.flexbox.JustifyContent.FLEX_END, com.google.android.flexbox.JustifyContent.CENTER, com.google.android.flexbox.JustifyContent.SPACE_BETWEEN, com.google.android.flexbox.JustifyContent.SPACE_AROUND}" />
    </annotation>
  </item>
  <item name="com.google.android.flexbox.FlexContainer void setAlignContent(int) 0">
    <annotation name="android.support.annotation.IntDef">
      <val name="value" val="{com.google.android.flexbox.AlignContent.FLEX_START, com.google.android.flexbox.AlignContent.FLEX_END, com.google.android.flexbox.AlignContent.CENTER, com.google.android.flexbox.AlignContent.SPACE_BETWEEN, com.google.android.flexbox.AlignContent.SPACE_AROUND, com.google.android.flexbox.AlignContent.STRETCH}" />
    </annotation>
  </item>
  <item name="com.google.android.flexbox.FlexContainer void setAlignItems(int) 0">
    <annotation name="android.support.annotation.IntDef">
      <val name="value" val="{com.google.android.flexbox.AlignItems.FLEX_START, com.google.android.flexbox.AlignItems.FLEX_END, com.google.android.flexbox.AlignItems.CENTER, com.google.android.flexbox.AlignItems.BASELINE, com.google.android.flexbox.AlignItems.STRETCH}" />
    </annotation>
  </item>
  <item name="com.google.android.flexbox.FlexContainer void setFlexDirection(int) 0">
    <annotation name="android.support.annotation.IntDef">
      <val name="value" val="{com.google.android.flexbox.FlexDirection.ROW, com.google.android.flexbox.FlexDirection.ROW_REVERSE, com.google.android.flexbox.FlexDirection.COLUMN, com.google.android.flexbox.FlexDirection.COLUMN_REVERSE}" />
    </annotation>
  </item>
  <item name="com.google.android.flexbox.FlexContainer void setFlexWrap(int) 0">
    <annotation name="android.support.annotation.IntDef">
      <val name="value" val="{com.google.android.flexbox.FlexWrap.NOWRAP, com.google.android.flexbox.FlexWrap.WRAP, com.google.android.flexbox.FlexWrap.WRAP_REVERSE}" />
    </annotation>
  </item>
  <item name="com.google.android.flexbox.FlexContainer void setJustifyContent(int) 0">
    <annotation name="android.support.annotation.IntDef">
      <val name="value" val="{com.google.android.flexbox.JustifyContent.FLEX_START, com.google.android.flexbox.JustifyContent.FLEX_END, com.google.android.flexbox.JustifyContent.CENTER, com.google.android.flexbox.JustifyContent.SPACE_BETWEEN, com.google.android.flexbox.JustifyContent.SPACE_AROUND}" />
    </annotation>
  </item>
  <item name="com.google.android.flexbox.FlexDirection">
    <annotation name="android.support.annotation.IntDef">
      <val name="value" val="{com.google.android.flexbox.FlexDirection.ROW, com.google.android.flexbox.FlexDirection.ROW_REVERSE, com.google.android.flexbox.FlexDirection.COLUMN, com.google.android.flexbox.FlexDirection.COLUMN_REVERSE}" />
    </annotation>
  </item>
  <item name="com.google.android.flexbox.FlexItem int getAlignSelf()">
    <annotation name="android.support.annotation.IntDef">
      <val name="value" val="{com.google.android.flexbox.AlignItems.FLEX_START, com.google.android.flexbox.AlignItems.FLEX_END, com.google.android.flexbox.AlignItems.CENTER, com.google.android.flexbox.AlignItems.BASELINE, com.google.android.flexbox.AlignItems.STRETCH, com.google.android.flexbox.AlignSelf.AUTO}" />
    </annotation>
  </item>
  <item name="com.google.android.flexbox.FlexItem void setAlignSelf(int) 0">
    <annotation name="android.support.annotation.IntDef">
      <val name="value" val="{com.google.android.flexbox.AlignItems.FLEX_START, com.google.android.flexbox.AlignItems.FLEX_END, com.google.android.flexbox.AlignItems.CENTER, com.google.android.flexbox.AlignItems.BASELINE, com.google.android.flexbox.AlignItems.STRETCH, com.google.android.flexbox.AlignSelf.AUTO}" />
    </annotation>
  </item>
  <item name="com.google.android.flexbox.FlexWrap">
    <annotation name="android.support.annotation.IntDef">
      <val name="value" val="{com.google.android.flexbox.FlexWrap.NOWRAP, com.google.android.flexbox.FlexWrap.WRAP, com.google.android.flexbox.FlexWrap.WRAP_REVERSE}" />
    </annotation>
  </item>
  <item name="com.google.android.flexbox.FlexboxLayout int getAlignContent()">
    <annotation name="android.support.annotation.IntDef">
      <val name="value" val="{com.google.android.flexbox.AlignContent.FLEX_START, com.google.android.flexbox.AlignContent.FLEX_END, com.google.android.flexbox.AlignContent.CENTER, com.google.android.flexbox.AlignContent.SPACE_BETWEEN, com.google.android.flexbox.AlignContent.SPACE_AROUND, com.google.android.flexbox.AlignContent.STRETCH}" />
    </annotation>
  </item>
  <item name="com.google.android.flexbox.FlexboxLayout int getAlignItems()">
    <annotation name="android.support.annotation.IntDef">
      <val name="value" val="{com.google.android.flexbox.AlignItems.FLEX_START, com.google.android.flexbox.AlignItems.FLEX_END, com.google.android.flexbox.AlignItems.CENTER, com.google.android.flexbox.AlignItems.BASELINE, com.google.android.flexbox.AlignItems.STRETCH}" />
    </annotation>
  </item>
  <item name="com.google.android.flexbox.FlexboxLayout int getFlexDirection()">
    <annotation name="android.support.annotation.IntDef">
      <val name="value" val="{com.google.android.flexbox.FlexDirection.ROW, com.google.android.flexbox.FlexDirection.ROW_REVERSE, com.google.android.flexbox.FlexDirection.COLUMN, com.google.android.flexbox.FlexDirection.COLUMN_REVERSE}" />
    </annotation>
  </item>
  <item name="com.google.android.flexbox.FlexboxLayout int getFlexWrap()">
    <annotation name="android.support.annotation.IntDef">
      <val name="value" val="{com.google.android.flexbox.FlexWrap.NOWRAP, com.google.android.flexbox.FlexWrap.WRAP, com.google.android.flexbox.FlexWrap.WRAP_REVERSE}" />
    </annotation>
  </item>
  <item name="com.google.android.flexbox.FlexboxLayout int getJustifyContent()">
    <annotation name="android.support.annotation.IntDef">
      <val name="value" val="{com.google.android.flexbox.JustifyContent.FLEX_START, com.google.android.flexbox.JustifyContent.FLEX_END, com.google.android.flexbox.JustifyContent.CENTER, com.google.android.flexbox.JustifyContent.SPACE_BETWEEN, com.google.android.flexbox.JustifyContent.SPACE_AROUND}" />
    </annotation>
  </item>
  <item name="com.google.android.flexbox.FlexboxLayout int getShowDividerHorizontal()">
    <annotation name="android.support.annotation.IntDef">
      <val name="flag" val="true" />
      <val name="value" val="{com.google.android.flexbox.FlexboxLayout.SHOW_DIVIDER_NONE, com.google.android.flexbox.FlexboxLayout.SHOW_DIVIDER_BEGINNING, com.google.android.flexbox.FlexboxLayout.SHOW_DIVIDER_MIDDLE, com.google.android.flexbox.FlexboxLayout.SHOW_DIVIDER_END}" />
    </annotation>
  </item>
  <item name="com.google.android.flexbox.FlexboxLayout int getShowDividerVertical()">
    <annotation name="android.support.annotation.IntDef">
      <val name="flag" val="true" />
      <val name="value" val="{com.google.android.flexbox.FlexboxLayout.SHOW_DIVIDER_NONE, com.google.android.flexbox.FlexboxLayout.SHOW_DIVIDER_BEGINNING, com.google.android.flexbox.FlexboxLayout.SHOW_DIVIDER_MIDDLE, com.google.android.flexbox.FlexboxLayout.SHOW_DIVIDER_END}" />
    </annotation>
  </item>
  <item name="com.google.android.flexbox.FlexboxLayout void setAlignContent(int) 0">
    <annotation name="android.support.annotation.IntDef">
      <val name="value" val="{com.google.android.flexbox.AlignContent.FLEX_START, com.google.android.flexbox.AlignContent.FLEX_END, com.google.android.flexbox.AlignContent.CENTER, com.google.android.flexbox.AlignContent.SPACE_BETWEEN, com.google.android.flexbox.AlignContent.SPACE_AROUND, com.google.android.flexbox.AlignContent.STRETCH}" />
    </annotation>
  </item>
  <item name="com.google.android.flexbox.FlexboxLayout void setAlignItems(int) 0">
    <annotation name="android.support.annotation.IntDef">
      <val name="value" val="{com.google.android.flexbox.AlignItems.FLEX_START, com.google.android.flexbox.AlignItems.FLEX_END, com.google.android.flexbox.AlignItems.CENTER, com.google.android.flexbox.AlignItems.BASELINE, com.google.android.flexbox.AlignItems.STRETCH}" />
    </annotation>
  </item>
  <item name="com.google.android.flexbox.FlexboxLayout void setFlexDirection(int) 0">
    <annotation name="android.support.annotation.IntDef">
      <val name="value" val="{com.google.android.flexbox.FlexDirection.ROW, com.google.android.flexbox.FlexDirection.ROW_REVERSE, com.google.android.flexbox.FlexDirection.COLUMN, com.google.android.flexbox.FlexDirection.COLUMN_REVERSE}" />
    </annotation>
  </item>
  <item name="com.google.android.flexbox.FlexboxLayout void setFlexWrap(int) 0">
    <annotation name="android.support.annotation.IntDef">
      <val name="value" val="{com.google.android.flexbox.FlexWrap.NOWRAP, com.google.android.flexbox.FlexWrap.WRAP, com.google.android.flexbox.FlexWrap.WRAP_REVERSE}" />
    </annotation>
  </item>
  <item name="com.google.android.flexbox.FlexboxLayout void setJustifyContent(int) 0">
    <annotation name="android.support.annotation.IntDef">
      <val name="value" val="{com.google.android.flexbox.JustifyContent.FLEX_START, com.google.android.flexbox.JustifyContent.FLEX_END, com.google.android.flexbox.JustifyContent.CENTER, com.google.android.flexbox.JustifyContent.SPACE_BETWEEN, com.google.android.flexbox.JustifyContent.SPACE_AROUND}" />
    </annotation>
  </item>
  <item name="com.google.android.flexbox.FlexboxLayout void setMeasuredDimensionForFlex(int, int, int, int) 0">
    <annotation name="android.support.annotation.IntDef">
      <val name="value" val="{com.google.android.flexbox.FlexDirection.ROW, com.google.android.flexbox.FlexDirection.ROW_REVERSE, com.google.android.flexbox.FlexDirection.COLUMN, com.google.android.flexbox.FlexDirection.COLUMN_REVERSE}" />
    </annotation>
  </item>
  <item name="com.google.android.flexbox.FlexboxLayout void setShowDivider(int) 0">
    <annotation name="android.support.annotation.IntDef">
      <val name="flag" val="true" />
      <val name="value" val="{com.google.android.flexbox.FlexboxLayout.SHOW_DIVIDER_NONE, com.google.android.flexbox.FlexboxLayout.SHOW_DIVIDER_BEGINNING, com.google.android.flexbox.FlexboxLayout.SHOW_DIVIDER_MIDDLE, com.google.android.flexbox.FlexboxLayout.SHOW_DIVIDER_END}" />
    </annotation>
  </item>
  <item name="com.google.android.flexbox.FlexboxLayout void setShowDividerHorizontal(int) 0">
    <annotation name="android.support.annotation.IntDef">
      <val name="flag" val="true" />
      <val name="value" val="{com.google.android.flexbox.FlexboxLayout.SHOW_DIVIDER_NONE, com.google.android.flexbox.FlexboxLayout.SHOW_DIVIDER_BEGINNING, com.google.android.flexbox.FlexboxLayout.SHOW_DIVIDER_MIDDLE, com.google.android.flexbox.FlexboxLayout.SHOW_DIVIDER_END}" />
    </annotation>
  </item>
  <item name="com.google.android.flexbox.FlexboxLayout void setShowDividerVertical(int) 0">
    <annotation name="android.support.annotation.IntDef">
      <val name="flag" val="true" />
      <val name="value" val="{com.google.android.flexbox.FlexboxLayout.SHOW_DIVIDER_NONE, com.google.android.flexbox.FlexboxLayout.SHOW_DIVIDER_BEGINNING, com.google.android.flexbox.FlexboxLayout.SHOW_DIVIDER_MIDDLE, com.google.android.flexbox.FlexboxLayout.SHOW_DIVIDER_END}" />
    </annotation>
  </item>
  <item name="com.google.android.flexbox.FlexboxLayout.DividerMode">
    <annotation name="android.support.annotation.IntDef">
      <val name="flag" val="true" />
      <val name="value" val="{com.google.android.flexbox.FlexboxLayout.SHOW_DIVIDER_NONE, com.google.android.flexbox.FlexboxLayout.SHOW_DIVIDER_BEGINNING, com.google.android.flexbox.FlexboxLayout.SHOW_DIVIDER_MIDDLE, com.google.android.flexbox.FlexboxLayout.SHOW_DIVIDER_END}" />
    </annotation>
  </item>
  <item name="com.google.android.flexbox.FlexboxLayout.LayoutParams int getAlignSelf()">
    <annotation name="android.support.annotation.IntDef">
      <val name="value" val="{com.google.android.flexbox.AlignItems.FLEX_START, com.google.android.flexbox.AlignItems.FLEX_END, com.google.android.flexbox.AlignItems.CENTER, com.google.android.flexbox.AlignItems.BASELINE, com.google.android.flexbox.AlignItems.STRETCH, com.google.android.flexbox.AlignSelf.AUTO}" />
    </annotation>
  </item>
  <item name="com.google.android.flexbox.FlexboxLayout.LayoutParams void setAlignSelf(int) 0">
    <annotation name="android.support.annotation.IntDef">
      <val name="value" val="{com.google.android.flexbox.AlignItems.FLEX_START, com.google.android.flexbox.AlignItems.FLEX_END, com.google.android.flexbox.AlignItems.CENTER, com.google.android.flexbox.AlignItems.BASELINE, com.google.android.flexbox.AlignItems.STRETCH, com.google.android.flexbox.AlignSelf.AUTO}" />
    </annotation>
  </item>
  <item name="com.google.android.flexbox.FlexboxLayoutManager FlexboxLayoutManager(android.content.Context, int) 1">
    <annotation name="android.support.annotation.IntDef">
      <val name="value" val="{com.google.android.flexbox.FlexDirection.ROW, com.google.android.flexbox.FlexDirection.ROW_REVERSE, com.google.android.flexbox.FlexDirection.COLUMN, com.google.android.flexbox.FlexDirection.COLUMN_REVERSE}" />
    </annotation>
  </item>
  <item name="com.google.android.flexbox.FlexboxLayoutManager FlexboxLayoutManager(android.content.Context, int, int) 1">
    <annotation name="android.support.annotation.IntDef">
      <val name="value" val="{com.google.android.flexbox.FlexDirection.ROW, com.google.android.flexbox.FlexDirection.ROW_REVERSE, com.google.android.flexbox.FlexDirection.COLUMN, com.google.android.flexbox.FlexDirection.COLUMN_REVERSE}" />
    </annotation>
  </item>
  <item name="com.google.android.flexbox.FlexboxLayoutManager FlexboxLayoutManager(android.content.Context, int, int) 2">
    <annotation name="android.support.annotation.IntDef">
      <val name="value" val="{com.google.android.flexbox.FlexWrap.NOWRAP, com.google.android.flexbox.FlexWrap.WRAP, com.google.android.flexbox.FlexWrap.WRAP_REVERSE}" />
    </annotation>
  </item>
  <item name="com.google.android.flexbox.FlexboxLayoutManager int getAlignContent()">
    <annotation name="android.support.annotation.IntDef">
      <val name="value" val="{com.google.android.flexbox.AlignContent.FLEX_START, com.google.android.flexbox.AlignContent.FLEX_END, com.google.android.flexbox.AlignContent.CENTER, com.google.android.flexbox.AlignContent.SPACE_BETWEEN, com.google.android.flexbox.AlignContent.SPACE_AROUND, com.google.android.flexbox.AlignContent.STRETCH}" />
    </annotation>
  </item>
  <item name="com.google.android.flexbox.FlexboxLayoutManager int getAlignItems()">
    <annotation name="android.support.annotation.IntDef">
      <val name="value" val="{com.google.android.flexbox.AlignItems.FLEX_START, com.google.android.flexbox.AlignItems.FLEX_END, com.google.android.flexbox.AlignItems.CENTER, com.google.android.flexbox.AlignItems.BASELINE, com.google.android.flexbox.AlignItems.STRETCH}" />
    </annotation>
  </item>
  <item name="com.google.android.flexbox.FlexboxLayoutManager int getFlexDirection()">
    <annotation name="android.support.annotation.IntDef">
      <val name="value" val="{com.google.android.flexbox.FlexDirection.ROW, com.google.android.flexbox.FlexDirection.ROW_REVERSE, com.google.android.flexbox.FlexDirection.COLUMN, com.google.android.flexbox.FlexDirection.COLUMN_REVERSE}" />
    </annotation>
  </item>
  <item name="com.google.android.flexbox.FlexboxLayoutManager int getFlexWrap()">
    <annotation name="android.support.annotation.IntDef">
      <val name="value" val="{com.google.android.flexbox.FlexWrap.NOWRAP, com.google.android.flexbox.FlexWrap.WRAP, com.google.android.flexbox.FlexWrap.WRAP_REVERSE}" />
    </annotation>
  </item>
  <item name="com.google.android.flexbox.FlexboxLayoutManager int getJustifyContent()">
    <annotation name="android.support.annotation.IntDef">
      <val name="value" val="{com.google.android.flexbox.JustifyContent.FLEX_START, com.google.android.flexbox.JustifyContent.FLEX_END, com.google.android.flexbox.JustifyContent.CENTER, com.google.android.flexbox.JustifyContent.SPACE_BETWEEN, com.google.android.flexbox.JustifyContent.SPACE_AROUND}" />
    </annotation>
  </item>
  <item name="com.google.android.flexbox.FlexboxLayoutManager void setAlignContent(int) 0">
    <annotation name="android.support.annotation.IntDef">
      <val name="value" val="{com.google.android.flexbox.AlignContent.FLEX_START, com.google.android.flexbox.AlignContent.FLEX_END, com.google.android.flexbox.AlignContent.CENTER, com.google.android.flexbox.AlignContent.SPACE_BETWEEN, com.google.android.flexbox.AlignContent.SPACE_AROUND, com.google.android.flexbox.AlignContent.STRETCH}" />
    </annotation>
  </item>
  <item name="com.google.android.flexbox.FlexboxLayoutManager void setAlignItems(int) 0">
    <annotation name="android.support.annotation.IntDef">
      <val name="value" val="{com.google.android.flexbox.AlignItems.FLEX_START, com.google.android.flexbox.AlignItems.FLEX_END, com.google.android.flexbox.AlignItems.CENTER, com.google.android.flexbox.AlignItems.BASELINE, com.google.android.flexbox.AlignItems.STRETCH}" />
    </annotation>
  </item>
  <item name="com.google.android.flexbox.FlexboxLayoutManager void setFlexDirection(int) 0">
    <annotation name="android.support.annotation.IntDef">
      <val name="value" val="{com.google.android.flexbox.FlexDirection.ROW, com.google.android.flexbox.FlexDirection.ROW_REVERSE, com.google.android.flexbox.FlexDirection.COLUMN, com.google.android.flexbox.FlexDirection.COLUMN_REVERSE}" />
    </annotation>
  </item>
  <item name="com.google.android.flexbox.FlexboxLayoutManager void setFlexWrap(int) 0">
    <annotation name="android.support.annotation.IntDef">
      <val name="value" val="{com.google.android.flexbox.FlexWrap.NOWRAP, com.google.android.flexbox.FlexWrap.WRAP, com.google.android.flexbox.FlexWrap.WRAP_REVERSE}" />
    </annotation>
  </item>
  <item name="com.google.android.flexbox.FlexboxLayoutManager void setJustifyContent(int) 0">
    <annotation name="android.support.annotation.IntDef">
      <val name="value" val="{com.google.android.flexbox.JustifyContent.FLEX_START, com.google.android.flexbox.JustifyContent.FLEX_END, com.google.android.flexbox.JustifyContent.CENTER, com.google.android.flexbox.JustifyContent.SPACE_BETWEEN, com.google.android.flexbox.JustifyContent.SPACE_AROUND}" />
    </annotation>
  </item>
  <item name="com.google.android.flexbox.FlexboxLayoutManager.LayoutParams int getAlignSelf()">
    <annotation name="android.support.annotation.IntDef">
      <val name="value" val="{com.google.android.flexbox.AlignItems.FLEX_START, com.google.android.flexbox.AlignItems.FLEX_END, com.google.android.flexbox.AlignItems.CENTER, com.google.android.flexbox.AlignItems.BASELINE, com.google.android.flexbox.AlignItems.STRETCH, com.google.android.flexbox.AlignSelf.AUTO}" />
    </annotation>
  </item>
  <item name="com.google.android.flexbox.FlexboxLayoutManager.LayoutParams void setAlignSelf(int) 0">
    <annotation name="android.support.annotation.IntDef">
      <val name="value" val="{com.google.android.flexbox.AlignItems.FLEX_START, com.google.android.flexbox.AlignItems.FLEX_END, com.google.android.flexbox.AlignItems.CENTER, com.google.android.flexbox.AlignItems.BASELINE, com.google.android.flexbox.AlignItems.STRETCH, com.google.android.flexbox.AlignSelf.AUTO}" />
    </annotation>
  </item>
  <item name="com.google.android.flexbox.JustifyContent">
    <annotation name="android.support.annotation.IntDef">
      <val name="value" val="{com.google.android.flexbox.JustifyContent.FLEX_START, com.google.android.flexbox.JustifyContent.FLEX_END, com.google.android.flexbox.JustifyContent.CENTER, com.google.android.flexbox.JustifyContent.SPACE_BETWEEN, com.google.android.flexbox.JustifyContent.SPACE_AROUND}" />
    </annotation>
  </item>
</root>

